Team,Year,Lg,G,W,L,Ties,W-L%,pythW-L%,Finish,GB,Playoffs,R,RA,Attendance
ARI,2019,NL West,162,85,77,0,0.525,0.541,2nd of 5,21,,813,743,2135510
ATL,2019,NL East,162,97,65,0,0.599,0.564,1st of 5,--,LostÿLDSÿ(3-2),855,743,2655100
BAL,2019,AL East,162,54,108,0,0.333,0.367,5th of 5,49,,729,981,1307807
DET,2019,AL Central,161,47,114,0,0.292,0.304,5th of 5,53.5,,582,915,1501430
BOS,2019,AL East,162,84,78,0,0.519,0.539,3rd of 5,19,,901,828,2924627
CHW,2019,AL Central,161,72,89,0,0.447,0.427,3rd of 5,28.5,,708,832,1649775
CIN,2019,NL Central,162,75,87,0,0.463,0.494,4th of 5,16,,701,711,1808685
CLE,2019,AL Central,162,93,69,0,0.574,0.572,2nd of 5,8,,769,657,1738642
COL,2019,NL West,162,71,91,0,0.438,0.437,4th of 5,35,,835,958,2993244
HOU,2019,AL West,162,107,55,0,0.66,0.66,1st of 5,--,LostÿWSÿ(4-3),920,640,2857367
KCR,2019,AL Central,162,59,103,0,0.364,0.397,4th of 5,42,,691,869,1479659
LAA,2019,AL West,162,72,90,0,0.444,0.445,4th of 5,35,,769,868,3019012
LAD,2019,NL West,162,106,56,0,0.654,0.662,1st of 5,--,LostÿLDSÿ(3-2),886,613,3974309
MIA,2019,NL East,162,57,105,0,0.352,0.378,5th of 5,40,,615,808,811302
MIL,2019,NL Central,162,89,73,0,0.549,0.502,2nd of 5,2,LostÿNLWCÿ(1-0),769,766,2923333
MIN,2019,AL Central,162,101,61,0,0.623,0.599,1st of 5,--,LostÿLDSÿ(3-0),939,754,2294152
NYM,2019,NL East,162,86,76,0,0.531,0.532,3rd of 5,11,,791,737,2442532
NYY,2019,AL East,162,103,59,0,0.636,0.61,1st of 5,--,LostÿALCSÿ(4-2),943,739,3304404
OAK,2019,AL West,162,97,65,0,0.599,0.598,2nd of 5,10,LostÿALWCÿ(1-0),845,680,1662211
PHI,2019,NL East,162,81,81,0,0.5,0.488,4th of 5,16,,774,794,2727421
PIT,2019,NL Central,162,69,93,0,0.426,0.417,5th of 5,22,,758,911,1491439
SDP,2019,NL West,162,70,92,0,0.432,0.434,5th of 5,36,,682,789,2396399
SFG,2019,NL West,162,77,85,0,0.475,0.44,3rd of 5,29,,678,773,2707760
SEA,2019,AL West,162,68,94,0,0.42,0.426,5th of 5,39,,758,893,1791863
STL,2019,NL Central,162,91,71,0,0.562,0.565,1st of 5,--,LostÿNLCSÿ(4-0),764,662,3480393
TBR,2019,AL East,162,96,66,0,0.593,0.572,2nd of 5,7,LostÿLDSÿ(3-2),769,656,1178735
TEX,2019,AL West,162,78,84,0,0.481,0.463,3rd of 5,29,,810,878,2132994
TOR,2019,AL East,162,67,95,0,0.414,0.44,4th of 5,36,,726,828,1750144
WSN,2019,NL East,162,93,69,0,0.574,0.585,2nd of 5,4,WonÿWSÿ(4-3),873,724,2259781
ARI,2018,NL West,162,82,80,0,0.506,0.533,3rd of 5,9.5,,693,644,2242695
ATL,2018,NL East,162,90,72,0,0.556,0.566,1st of 5,--,LostÿLDSÿ(3-1),759,657,2555781
BAL,2018,AL East,162,47,115,0,0.29,0.341,5th of 5,61,,622,892,1564192
DET,2018,AL Central,162,64,98,0,0.395,0.395,3rd of 5,27,,630,796,1856970
BOS,2018,AL East,162,108,54,0,0.667,0.635,1st of 5,--,WonÿWSÿ(4-1),876,647,2895575
CHC,2018,NL Central,163,95,68,0,0.583,0.575,2nd of 5,1,LostÿNLWCÿ(1-0),761,645,3181089
CHW,2018,AL Central,162,62,100,0,0.383,0.385,4th of 5,29,,656,848,1608817
CIN,2018,NL Central,162,67,95,0,0.414,0.426,5th of 5,28.5,,696,819,1629356
CLE,2018,AL Central,162,91,71,0,0.562,0.605,1st of 5,--,LostÿLDSÿ(3-0),818,648,1926701
COL,2018,NL West,163,91,72,0,0.558,0.521,2nd of 5,1,LostÿLDSÿ(3-0),780,745,3015880
HOU,2018,AL West,162,103,59,0,0.636,0.675,1st of 5,--,LostÿALCSÿ(4-1),797,534,2980549
KCR,2018,AL Central,162,58,104,0,0.358,0.38,5th of 5,33,,638,833,1665107
LAA,2018,AL West,162,80,82,0,0.494,0.499,4th of 5,23,,721,722,3020216
LAD,2018,NL West,163,92,71,0,0.564,0.624,1st of 5,--,LostÿWSÿ(4-1),804,610,3857500
MIA,2018,NL East,161,63,98,0,0.391,0.359,5th of 5,26.5,,589,809,811104
MIL,2018,NL Central,163,96,67,0,0.589,0.561,1st of 5,--,LostÿNLCSÿ(4-3),754,659,2850875
MIN,2018,AL Central,162,78,84,0,0.481,0.478,2nd of 5,13,,738,775,1959197
NYM,2018,NL East,162,77,85,0,0.475,0.479,4th of 5,13,,676,707,2224995
NYY,2018,AL East,162,100,62,0,0.617,0.608,2nd of 5,8,LostÿLDSÿ(3-1),851,669,3482855
OAK,2018,AL West,162,97,65,0,0.599,0.585,2nd of 5,6,LostÿALWCÿ(1-0),813,674,1573616
PHI,2018,NL East,162,80,82,0,0.494,0.467,3rd of 5,10,,677,728,2158124
PIT,2018,NL Central,161,82,79,0,0.509,0.499,4th of 5,13,,692,693,1465316
SDP,2018,NL West,162,66,96,0,0.407,0.402,5th of 5,25.5,,617,767,2168536
SFG,2018,NL West,162,73,89,0,0.451,0.433,4th of 5,18.5,,603,699,3156185
SEA,2018,AL West,162,89,73,0,0.549,0.478,3rd of 5,14,,677,711,2299489
STL,2018,NL Central,162,88,74,0,0.543,0.543,3rd of 5,7.5,,759,691,3403587
TBR,2018,AL East,162,90,72,0,0.556,0.547,3rd of 5,18,,716,646,1154973
TEX,2018,AL West,162,67,95,0,0.414,0.436,5th of 5,36,,737,848,2107107
TOR,2018,AL East,162,73,89,0,0.451,0.427,4th of 5,35,,709,832,2325281
WSN,2018,NL East,162,82,80,0,0.506,0.556,2nd of 5,8,,771,682,2529604
ARI,2017,NL West,162,93,69,0,0.574,0.594,2nd of 5,11,LostÿLDSÿ(3-0),812,659,2134375
ATL,2017,NL East,162,72,90,0,0.444,0.448,3rd of 5,25,,732,821,2505252
BAL,2017,AL East,162,75,87,0,0.463,0.444,5th of 5,18,,743,841,2028424
DET,2017,AL Central,162,64,98,0,0.395,0.411,5th of 5,38,,735,894,2321599
BOS,2017,AL East,162,93,69,0,0.574,0.573,1st of 5,--,LostÿLDSÿ(3-1),785,668,2917678
CHC,2017,NL Central,162,92,70,0,0.568,0.576,1st of 5,--,LostÿNLCSÿ(4-1),822,695,3199562
CHW,2017,AL Central,162,67,95,0,0.414,0.432,4th of 5,35,,706,820,1629470
CIN,2017,NL Central,162,68,94,0,0.42,0.435,5th of 5,24,,753,869,1836917
CLE,2017,AL Central,162,102,60,0,0.63,0.664,1st of 5,--,LostÿLDSÿ(3-2),818,564,2048138
COL,2017,NL West,162,87,75,0,0.537,0.539,3rd of 5,17,LostÿNLWCÿ(1-0),824,757,2953650
HOU,2017,AL West,162,101,61,0,0.623,0.611,1st of 5,--,WonÿWSÿ(4-3),896,700,2403671
KCR,2017,AL Central,162,80,82,0,0.494,0.446,3rd of 5,22,,702,791,2220370
LAA,2017,AL West,162,80,82,0,0.494,0.501,2nd of 5,21,,710,709,3019585
LAD,2017,NL West,162,104,58,0,0.642,0.627,1st of 5,--,LostÿWSÿ(4-3),770,580,3765856
MIA,2017,NL East,162,77,85,0,0.475,0.475,2nd of 5,20,,778,822,1583014
MIL,2017,NL Central,162,86,76,0,0.531,0.522,2nd of 5,6,,732,697,2627705
MIN,2017,AL Central,162,85,77,0,0.525,0.515,2nd of 5,17,LostÿALWCÿ(1-0),815,788,2051279
NYM,2017,NL East,162,70,92,0,0.432,0.427,4th of 5,27,,735,863,2460622
NYY,2017,AL East,162,91,71,0,0.562,0.618,2nd of 5,2,LostÿALCSÿ(4-3),858,660,3154938
OAK,2017,AL West,162,75,87,0,0.463,0.449,5th of 5,26,,739,826,1475721
PHI,2017,NL East,162,66,96,0,0.407,0.443,5th of 5,31,,690,782,1905354
PIT,2017,NL Central,162,75,87,0,0.463,0.459,4th of 5,17,,668,731,1919447
SDP,2017,NL West,162,71,91,0,0.438,0.366,4th of 5,33,,604,816,2138491
SFG,2017,NL West,162,64,98,0,0.395,0.412,5th of 5,40,,639,776,3303652
SEA,2017,AL West,162,78,84,0,0.481,0.487,3rd of 5,23,,750,772,2135445
STL,2017,NL Central,162,83,79,0,0.512,0.535,3rd of 5,9,,761,705,3448337
TBR,2017,AL East,162,80,82,0,0.494,0.493,3rd of 5,13,,694,704,1253619
TEX,2017,AL West,162,78,84,0,0.481,0.49,3rd of 5,23,,799,816,2507760
TOR,2017,AL East,162,76,86,0,0.469,0.444,4th of 5,17,,693,784,3203886
WSN,2017,NL East,162,97,65,0,0.599,0.59,1st of 5,--,LostÿLDSÿ(3-2),819,672,2524980
ARI,2016,NL West,162,69,93,0,0.426,0.424,4th of 5,22,,752,890,2036216
ATL,2016,NL East,161,68,93,0,0.422,0.417,5th of 5,26.5,,649,779,2020914
BAL,2016,AL East,162,89,73,0,0.549,0.518,2nd of 5,4,LostÿALWCÿ(1-0),744,715,2172344
DET,2016,AL Central,161,86,75,0,0.534,0.518,2nd of 5,8,,750,721,2493859
BOS,2016,AL East,162,93,69,0,0.574,0.606,1st of 5,--,LostÿLDSÿ(3-0),878,694,2955434
CHC,2016,NL Central,162,103,58,1,0.64,0.665,1st of 5,--,WonÿWSÿ(4-3),808,556,3232420
CHW,2016,AL Central,162,78,84,0,0.481,0.481,4th of 5,16.5,,686,715,1746293
CIN,2016,NL Central,162,68,94,0,0.42,0.42,5th of 5,35.5,,716,854,1894085
CLE,2016,AL Central,161,94,67,0,0.584,0.563,1st of 5,--,LostÿWSÿ(4-3),777,676,1591667
COL,2016,NL West,162,75,87,0,0.463,0.492,3rd of 5,16,,845,860,2602524
HOU,2016,AL West,162,84,78,0,0.519,0.515,3rd of 5,11,,724,701,2306623
KCR,2016,AL Central,162,81,81,0,0.5,0.476,3rd of 5,13.5,,675,712,2557712
LAA,2016,AL West,162,74,88,0,0.457,0.494,4th of 5,21,,717,727,3016142
LAD,2016,NL West,162,91,71,0,0.562,0.558,1st of 5,--,LostÿNLCSÿ(4-2),725,638,3703312
MIA,2016,NL East,161,79,82,0,0.491,0.482,3rd of 5,15.5,,655,682,1712417
MIL,2016,NL Central,162,73,89,0,0.451,0.46,4th of 5,30.5,,671,733,2314614
MIN,2016,AL Central,162,59,103,0,0.364,0.406,5th of 5,35.5,,722,889,1963912
NYM,2016,NL East,162,87,75,0,0.537,0.538,2nd of 5,8,LostÿNLWCÿ(1-0),671,617,2789602
NYY,2016,AL East,162,84,78,0,0.519,0.485,4th of 5,9,,680,702,3063405
OAK,2016,AL West,162,69,93,0,0.426,0.43,5th of 5,26,,653,761,1521506
PHI,2016,NL East,162,71,91,0,0.438,0.381,4th of 5,24,,610,796,1915144
PIT,2016,NL Central,162,78,83,1,0.484,0.482,3rd of 5,25,,729,758,2249201
SDP,2016,NL West,162,68,94,0,0.42,0.447,5th of 5,23,,686,770,2351422
SFG,2016,NL West,162,87,75,0,0.537,0.557,2nd of 5,4,LostÿLDSÿ(3-1),715,631,3365256
SEA,2016,AL West,162,86,76,0,0.531,0.538,2nd of 5,9,,768,707,2267928
STL,2016,NL Central,162,86,76,0,0.531,0.541,2nd of 5,17.5,,779,712,3444490
TBR,2016,AL East,162,68,94,0,0.42,0.473,5th of 5,25,,672,713,1286163
TEX,2016,AL West,162,95,67,0,0.586,0.505,1st of 5,--,LostÿLDSÿ(3-0),765,757,2710402
TOR,2016,AL East,162,89,73,0,0.549,0.56,2nd of 5,4,LostÿALCSÿ(4-1),759,666,3392099
WSN,2016,NL East,162,95,67,0,0.586,0.6,1st of 5,--,LostÿLDSÿ(3-2),763,612,2481938
ARI,2015,NL West,162,79,83,0,0.488,0.504,3rd of 5,13,,720,713,2080145
ATL,2015,NL East,162,67,95,0,0.414,0.374,4th of 5,23,,573,760,2001392
BAL,2015,AL East,162,81,81,0,0.5,0.513,3rd of 5,12,,713,693,2281202
DET,2015,AL Central,161,74,87,0,0.46,0.43,5th of 5,20.5,,689,803,2726048
BOS,2015,AL East,162,78,84,0,0.481,0.497,5th of 5,15,,748,753,2880694
CHC,2015,NL Central,162,97,65,0,0.599,0.557,3rd of 5,3,LostÿNLCSÿ(4-0),689,608,2919122
CHW,2015,AL Central,162,76,86,0,0.469,0.446,4th of 5,19,,622,701,1755810
CIN,2015,NL Central,162,64,98,0,0.395,0.426,5th of 5,36,,640,754,2419506
CLE,2015,AL Central,161,81,80,0,0.503,0.52,3rd of 5,13.5,,669,640,1388905
COL,2015,NL West,162,68,94,0,0.42,0.438,5th of 5,24,,737,844,2506789
HOU,2015,AL West,162,86,76,0,0.531,0.575,2nd of 5,2,LostÿLDSÿ(3-2),729,618,2153585
KCR,2015,AL Central,162,95,67,0,0.586,0.555,1st of 5,--,WonÿWSÿ(4-1),724,641,2708549
LAA,2015,AL West,162,85,77,0,0.525,0.49,3rd of 5,3,,661,675,3012765
LAD,2015,NL West,162,92,70,0,0.568,0.552,1st of 5,--,LostÿLDSÿ(3-2),667,595,3764815
MIA,2015,NL East,162,71,91,0,0.438,0.454,3rd of 5,19,,613,678,1752235
MIL,2015,NL Central,162,68,94,0,0.42,0.446,4th of 5,32,,655,737,2542558
MIN,2015,AL Central,162,83,79,0,0.512,0.497,2nd of 5,12,,696,700,2220054
NYM,2015,NL East,162,90,72,0,0.556,0.549,1st of 5,--,LostÿWSÿ(4-1),683,613,2569753
NYY,2015,AL East,162,87,75,0,0.537,0.541,2nd of 5,6,LostÿALWCÿ(1-0),764,698,3193795
OAK,2015,AL West,162,68,94,0,0.42,0.478,5th of 5,20,,694,729,1768175
PHI,2015,NL East,162,63,99,0,0.389,0.385,5th of 5,27,,626,809,1831080
PIT,2015,NL Central,162,98,64,0,0.605,0.571,2nd of 5,2,LostÿNLWCÿ(1-0),697,596,2498596
SDP,2015,NL West,162,74,88,0,0.457,0.446,4th of 5,18,,650,731,2459752
SFG,2015,NL West,162,84,78,0,0.519,0.548,2nd of 5,8,,696,627,3375882
SEA,2015,AL West,162,76,86,0,0.469,0.454,4th of 5,12,,656,726,2193581
STL,2015,NL Central,162,100,62,0,0.617,0.594,1st of 5,--,LostÿLDSÿ(3-1),647,525,3520889
TBR,2015,AL East,162,80,82,0,0.494,0.501,4th of 5,13,,644,642,1287054
TEX,2015,AL West,162,88,74,0,0.543,0.511,1st of 5,--,LostÿLDSÿ(3-2),751,733,2491875
TOR,2015,AL East,162,93,69,0,0.574,0.628,1st of 5,--,LostÿALCSÿ(4-2),891,670,2794891
WSN,2015,NL East,162,83,79,0,0.512,0.546,2nd of 5,7,,703,635,2619843
ARI,2014,NL West,162,64,98,0,0.395,0.415,5th of 5,30,,615,742,2073730
ATL,2014,NL East,162,79,83,0,0.488,0.481,2nd of 5,17,,573,597,2354305
BAL,2014,AL East,162,96,66,0,0.593,0.578,1st of 5,--,LostÿALCSÿ(4-0),705,593,2464473
DET,2014,AL Central,162,90,72,0,0.556,0.533,1st of 5,--,LostÿLDSÿ(3-0),757,705,2917209
BOS,2014,AL East,162,71,91,0,0.438,0.445,5th of 5,25,,634,715,2956089
CHC,2014,NL Central,162,73,89,0,0.451,0.436,5th of 5,17,,614,707,2652113
CHW,2014,AL Central,162,73,89,0,0.451,0.437,4th of 5,17,,660,758,1650821
CIN,2014,NL Central,162,76,86,0,0.469,0.487,4th of 5,14,,595,612,2476664
CLE,2014,AL Central,162,85,77,0,0.525,0.511,3rd of 5,5,,669,653,1437393
COL,2014,NL West,162,66,96,0,0.407,0.463,4th of 5,28,,755,818,2680329
HOU,2014,AL West,162,70,92,0,0.432,0.437,4th of 5,28,,629,723,1751829
KCR,2014,AL Central,162,89,73,0,0.549,0.519,2nd of 5,1,LostÿWSÿ(4-3),651,624,1956482
LAA,2014,AL West,162,98,64,0,0.605,0.593,1st of 5,--,LostÿLDSÿ(3-0),773,630,3095935
LAD,2014,NL West,162,94,68,0,0.58,0.569,1st of 5,--,LostÿLDSÿ(3-1),718,617,3782337
MIA,2014,NL East,162,77,85,0,0.475,0.48,4th of 5,19,,645,674,1732283
MIL,2014,NL Central,162,82,80,0,0.506,0.495,3rd of 5,8,,650,657,2797384
MIN,2014,AL Central,162,70,92,0,0.432,0.462,5th of 5,20,,715,777,2250606
NYM,2014,NL East,162,79,83,0,0.488,0.508,2nd of 5,17,,629,618,2148808
NYY,2014,AL East,162,84,78,0,0.519,0.478,2nd of 5,12,,633,664,3401624
OAK,2014,AL West,162,88,74,0,0.543,0.609,2nd of 5,10,LostÿALWCÿ(1-0),729,572,2003628
PHI,2014,NL East,162,73,89,0,0.451,0.452,5th of 5,23,,619,687,2423852
PIT,2014,NL Central,162,88,74,0,0.543,0.535,2nd of 5,2,LostÿNLWCÿ(1-0),682,631,2442564
SDP,2014,NL West,162,77,85,0,0.475,0.465,3rd of 5,17,,535,577,2195373
SFG,2014,NL West,162,88,74,0,0.543,0.536,2nd of 5,6,WonÿWSÿ(4-3),665,614,3368697
SEA,2014,AL West,162,87,75,0,0.537,0.561,3rd of 5,11,,634,554,2064334
STL,2014,NL Central,162,90,72,0,0.556,0.512,1st of 5,--,LostÿNLCSÿ(4-1),619,603,3540649
TBR,2014,AL East,162,77,85,0,0.475,0.49,4th of 5,19,,612,625,1446464
TEX,2014,AL West,162,67,95,0,0.414,0.412,5th of 5,31,,637,773,2718733
TOR,2014,AL East,162,83,79,0,0.512,0.524,3rd of 5,13,,723,686,2375525
WSN,2014,NL East,162,96,66,0,0.593,0.596,1st of 5,--,LostÿLDSÿ(3-1),686,555,2579389
ARI,2013,NL West,162,81,81,0,0.5,0.493,2nd of 5,11,,685,695,2134895
ATL,2013,NL East,162,96,66,0,0.593,0.603,1st of 5,--,LostÿLDSÿ(3-1),688,548,2548679
BAL,2013,AL East,162,85,77,0,0.525,0.523,3rd of 5,12,,745,709,2357561
DET,2013,AL Central,162,93,69,0,0.574,0.61,1st of 5,--,LostÿALCSÿ(4-2),796,624,3083397
BOS,2013,AL East,162,97,65,0,0.599,0.618,1st of 5,--,WonÿWSÿ(4-2),853,656,2833333
CHC,2013,NL Central,162,66,96,0,0.407,0.439,5th of 5,31,,602,689,2642682
CHW,2013,AL Central,162,63,99,0,0.389,0.414,5th of 5,30,,598,723,1768413
CIN,2013,NL Central,162,90,72,0,0.556,0.577,3rd of 5,7,LostÿNLWCÿ(1-0),698,589,2492101
CLE,2013,AL Central,162,92,70,0,0.568,0.554,2nd of 5,1,LostÿALWCÿ(1-0),745,662,1572926
COL,2013,NL West,162,74,88,0,0.457,0.466,5th of 5,18,,706,760,2793828
HOU,2013,AL West,162,51,111,0,0.315,0.354,5th of 5,45,,610,848,1651883
KCR,2013,AL Central,162,86,76,0,0.531,0.534,3rd of 5,7,,648,601,1750754
LAA,2013,AL West,162,78,84,0,0.481,0.498,3rd of 5,18,,733,737,3019505
LAD,2013,NL West,162,92,70,0,0.568,0.55,1st of 5,--,LostÿNLCSÿ(4-2),649,582,3743527
MIA,2013,NL East,162,62,100,0,0.383,0.396,5th of 5,34,,513,646,1586322
MIL,2013,NL Central,162,74,88,0,0.457,0.468,4th of 5,23,,640,687,2531105
MIN,2013,AL Central,162,66,96,0,0.407,0.388,4th of 5,27,,614,788,2477644
NYM,2013,NL East,162,74,88,0,0.457,0.454,3rd of 5,22,,619,684,2135657
NYY,2013,AL East,162,85,77,0,0.525,0.485,3rd of 5,12,,650,671,3279589
OAK,2013,AL West,162,96,66,0,0.593,0.593,1st of 5,--,LostÿLDSÿ(3-2),767,625,1809302
PHI,2013,NL East,162,73,89,0,0.451,0.407,4th of 5,23,,610,749,3012403
PIT,2013,NL Central,162,94,68,0,0.58,0.543,2nd of 5,3,LostÿLDSÿ(3-2),634,577,2256862
SDP,2013,NL West,162,76,86,0,0.469,0.443,3rd of 5,16,,618,700,2166691
SFG,2013,NL West,162,76,86,0,0.469,0.457,3rd of 5,16,,629,691,3369106
SEA,2013,AL West,162,71,91,0,0.438,0.414,4th of 5,25,,624,754,1761546
STL,2013,NL Central,162,97,65,0,0.599,0.622,1st of 5,--,LostÿWSÿ(4-2),783,596,3369769
TBR,2013,AL East,163,92,71,0,0.564,0.537,2nd of 5,5.5,LostÿLDSÿ(3-1),700,646,1510300
TEX,2013,AL West,163,91,72,0,0.558,0.563,2nd of 5,5.5,,730,636,3178273
TOR,2013,AL East,162,74,88,0,0.457,0.473,5th of 5,23,,712,756,2536562
WSN,2013,NL East,162,86,76,0,0.531,0.521,2nd of 5,10,,656,626,2652422
ARI,2012,NL West,162,81,81,0,0.5,0.53,3rd of 5,13,,734,688,2177617
ATL,2012,NL East,162,94,68,0,0.58,0.57,2nd of 5,4,LostÿNLWCÿ(1-0),700,600,2420171
BAL,2012,AL East,162,93,69,0,0.574,0.505,2nd of 5,2,LostÿLDSÿ(3-2),712,705,2102240
DET,2012,AL Central,162,88,74,0,0.543,0.537,1st of 5,--,LostÿWSÿ(4-0),726,670,3028033
BOS,2012,AL East,162,69,93,0,0.426,0.457,5th of 5,26,,734,806,3043003
CHC,2012,NL Central,162,61,101,0,0.377,0.403,5th of 6,36,,613,759,2882756
CHW,2012,AL Central,162,85,77,0,0.525,0.546,2nd of 5,3,,748,676,1965955
CIN,2012,NL Central,162,97,65,0,0.599,0.559,1st of 6,--,LostÿLDSÿ(3-2),669,588,2347251
CLE,2012,AL Central,162,68,94,0,0.42,0.393,4th of 5,20,,667,845,1603596
COL,2012,NL West,162,64,98,0,0.395,0.427,5th of 5,30,,758,890,2630458
HOU,2012,NL Central,162,55,107,0,0.34,0.362,6th of 6,42,,583,794,1607733
KCR,2012,AL Central,162,72,90,0,0.444,0.455,3rd of 5,16,,676,746,1739859
LAA,2012,AL West,162,89,73,0,0.549,0.542,3rd of 4,5,,767,699,3061770
LAD,2012,NL West,162,86,76,0,0.531,0.53,2nd of 5,8,,637,597,3324246
MIA,2012,NL East,162,69,93,0,0.426,0.422,5th of 5,29,,609,724,2219444
MIL,2012,NL Central,162,83,79,0,0.512,0.526,3rd of 6,14,,776,733,2831385
MIN,2012,AL Central,162,66,96,0,0.407,0.422,5th of 5,22,,701,832,2776354
NYM,2012,NL East,162,74,88,0,0.457,0.46,4th of 5,24,,650,709,2242803
NYY,2012,AL East,162,95,67,0,0.586,0.584,1st of 5,--,LostÿALCSÿ(4-0),804,668,3542406
OAK,2012,AL West,162,94,68,0,0.58,0.568,1st of 4,--,LostÿLDSÿ(3-2),713,614,1679013
PHI,2012,NL East,162,81,81,0,0.5,0.503,3rd of 5,17,,684,680,3565718
PIT,2012,NL Central,162,79,83,0,0.488,0.484,4th of 6,18,,651,674,2091918
SDP,2012,NL West,162,76,86,0,0.469,0.46,4th of 5,18,,651,710,2123721
SFG,2012,NL West,162,94,68,0,0.58,0.546,1st of 5,--,WonÿWSÿ(4-0),718,649,3377371
SEA,2012,AL West,162,75,87,0,0.463,0.477,4th of 4,19,,619,651,1721920
STL,2012,NL Central,162,88,74,0,0.543,0.575,2nd of 6,9,LostÿNLCSÿ(4-3),765,648,3262109
TBR,2012,AL East,162,90,72,0,0.556,0.586,3rd of 5,5,,697,577,1559681
TEX,2012,AL West,162,93,69,0,0.574,0.561,2nd of 4,1,LostÿALWCÿ(1-0),808,707,3460280
TOR,2012,AL East,162,73,89,0,0.451,0.459,4th of 5,22,,716,784,2099663
WSN,2012,NL East,162,98,64,0,0.605,0.594,1st of 5,--,LostÿLDSÿ(3-2),731,594,2370794
ARI,2011,NL West,162,94,68,0,0.58,0.545,1st of 5,--,LostÿLDSÿ(3-2),731,662,2105432
ATL,2011,NL East,162,89,73,0,0.549,0.526,2nd of 5,13,,641,605,2372940
BAL,2011,AL East,162,69,93,0,0.426,0.412,5th of 5,28,,708,860,1755461
DET,2011,AL Central,162,95,67,0,0.586,0.546,1st of 5,--,LostÿALCSÿ(4-2),787,711,2642045
BOS,2011,AL East,162,90,72,0,0.556,0.578,3rd of 5,7,,875,737,3054001
CHC,2011,NL Central,162,71,91,0,0.438,0.434,5th of 6,25,,654,756,3017966
CHW,2011,AL Central,162,79,83,0,0.488,0.465,3rd of 5,16,,654,706,2001117
CIN,2011,NL Central,162,79,83,0,0.488,0.509,3rd of 6,17,,735,720,2213588
CLE,2011,AL Central,162,80,82,0,0.494,0.465,2nd of 5,15,,704,760,1840835
COL,2011,NL West,162,73,89,0,0.451,0.476,4th of 5,21,,735,774,2909777
HOU,2011,NL Central,162,56,106,0,0.346,0.384,6th of 6,40,,615,796,2067016
KCR,2011,AL Central,162,71,91,0,0.438,0.48,4th of 5,24,,730,762,1724450
LAA,2011,AL West,162,86,76,0,0.531,0.524,2nd of 4,10,,667,633,3166321
LAD,2011,NL West,161,82,79,0,0.509,0.523,3rd of 5,11.5,,644,612,2935139
MIA,2011,NL East,162,72,90,0,0.444,0.447,5th of 5,30,,625,702,1520562
MIL,2011,NL Central,162,96,66,0,0.593,0.556,1st of 6,--,LostÿNLCSÿ(4-2),721,638,3071373
MIN,2011,AL Central,162,63,99,0,0.389,0.383,5th of 5,32,,619,804,3168116
NYM,2011,NL East,162,77,85,0,0.475,0.485,4th of 5,25,,718,742,2352596
NYY,2011,AL East,162,97,65,0,0.599,0.624,1st of 5,--,LostÿLDSÿ(3-2),867,657,3653680
OAK,2011,AL West,162,74,88,0,0.457,0.477,3rd of 4,22,,645,679,1476791
PHI,2011,NL East,162,102,60,0,0.63,0.633,1st of 5,--,LostÿLDSÿ(3-2),713,529,3680718
PIT,2011,NL Central,162,72,90,0,0.444,0.43,4th of 6,24,,610,712,1940429
SDP,2011,NL West,162,71,91,0,0.438,0.486,5th of 5,23,,593,611,2143018
SFG,2011,NL West,162,86,76,0,0.531,0.494,2nd of 5,8,,570,578,3387303
SEA,2011,AL West,162,67,95,0,0.414,0.412,4th of 4,29,,556,675,1896321
STL,2011,NL Central,162,90,72,0,0.556,0.544,2nd of 6,6,WonÿWSÿ(4-3),762,692,3093954
TBR,2011,AL East,162,91,71,0,0.562,0.564,2nd of 5,6,LostÿLDSÿ(3-1),707,614,1529188
TEX,2011,AL West,162,96,66,0,0.593,0.605,1st of 4,--,LostÿWSÿ(4-3),855,677,2946949
TOR,2011,AL East,162,81,81,0,0.5,0.489,4th of 5,16,,743,761,1818103
WSN,2011,NL East,161,80,81,0,0.497,0.486,3rd of 5,21.5,,624,643,1940478
ARI,2010,NL West,162,65,97,0,0.401,0.428,5th of 5,27,,713,836,2056697
ATL,2010,NL East,162,91,71,0,0.562,0.573,2nd of 5,6,LostÿLDSÿ(3-1),738,629,2510119
BAL,2010,AL East,162,66,96,0,0.407,0.389,5th of 5,30,,613,785,1733019
DET,2010,AL Central,162,81,81,0,0.5,0.505,3rd of 5,13,,751,743,2461237
BOS,2010,AL East,162,89,73,0,0.549,0.543,3rd of 5,7,,818,744,3046445
CHC,2010,NL Central,162,75,87,0,0.463,0.448,5th of 6,16,,685,767,3062973
CHW,2010,AL Central,162,88,74,0,0.543,0.53,2nd of 5,6,,752,704,2194378
CIN,2010,NL Central,162,91,71,0,0.562,0.565,1st of 6,--,LostÿLDSÿ(3-0),790,685,2060550
CLE,2010,AL Central,162,69,93,0,0.426,0.431,4th of 5,25,,646,752,1391644
COL,2010,NL West,162,83,79,0,0.512,0.533,3rd of 5,9,,770,717,2875245
HOU,2010,NL Central,162,76,86,0,0.469,0.42,4th of 6,15,,611,729,2331490
KCR,2010,AL Central,162,67,95,0,0.414,0.399,5th of 5,27,,676,845,1615327
LAA,2010,AL West,162,80,82,0,0.494,0.486,3rd of 4,10,,681,702,3250814
LAD,2010,NL West,162,80,82,0,0.494,0.483,4th of 5,12,,667,692,3562320
MIA,2010,NL East,162,80,82,0,0.494,0.501,3rd of 5,17,,719,717,1524894
MIL,2010,NL Central,162,77,85,0,0.475,0.468,3rd of 6,14,,750,804,2776531
MIN,2010,AL Central,162,94,68,0,0.58,0.569,1st of 5,--,LostÿLDSÿ(3-0),781,671,3223640
NYM,2010,NL East,162,79,83,0,0.488,0.503,4th of 5,18,,656,652,2559738
NYY,2010,AL East,162,95,67,0,0.586,0.597,2nd of 5,1,LostÿALCSÿ(4-2),859,693,3765807
OAK,2010,AL West,162,81,81,0,0.5,0.526,2nd of 4,9,,663,626,1418391
PHI,2010,NL East,162,97,65,0,0.599,0.585,1st of 5,--,LostÿNLCSÿ(4-2),772,640,3777322
PIT,2010,NL Central,162,57,105,0,0.352,0.329,6th of 6,34,,587,866,1613399
SDP,2010,NL West,162,90,72,0,0.556,0.561,2nd of 5,2,,665,581,2131774
SFG,2010,NL West,162,92,70,0,0.568,0.581,1st of 5,--,WonÿWSÿ(4-1),697,583,3037443
SEA,2010,AL West,162,61,101,0,0.377,0.363,4th of 4,29,,513,698,2085630
STL,2010,NL Central,162,86,76,0,0.531,0.563,2nd of 6,5,,736,641,3301218
TBR,2010,AL East,162,96,66,0,0.593,0.596,1st of 5,--,LostÿLDSÿ(3-2),802,649,1864999
TEX,2010,AL West,162,90,72,0,0.556,0.562,1st of 4,--,LostÿWSÿ(4-1),787,687,2505171
TOR,2010,AL East,162,85,77,0,0.525,0.517,4th of 5,11,,755,728,1495482
WSN,2010,NL East,162,69,93,0,0.426,0.443,5th of 5,28,,655,742,1828066
ARI,2009,NL West,162,70,92,0,0.432,0.462,5th of 5,25,,720,782,2128765
ATL,2009,NL East,162,86,76,0,0.531,0.562,3rd of 5,7,,735,641,2373631
BAL,2009,AL East,162,64,98,0,0.395,0.424,5th of 5,39,,741,876,1907163
DET,2009,AL Central,163,86,77,0,0.528,0.499,2nd of 5,1,,743,745,2567165
BOS,2009,AL East,162,95,67,0,0.586,0.577,2nd of 5,8,LostÿLDSÿ(3-0),872,736,3062699
CHC,2009,NL Central,161,83,78,0,0.516,0.523,2nd of 6,7.5,,707,672,3168859
CHW,2009,AL Central,162,79,83,0,0.488,0.495,3rd of 5,7.5,,724,732,2284163
CIN,2009,NL Central,162,78,84,0,0.481,0.467,4th of 6,13,,673,723,1747919
CLE,2009,AL Central,162,65,97,0,0.401,0.449,4th of 5,21.5,,773,865,1766242
COL,2009,NL West,162,92,70,0,0.568,0.553,2nd of 5,3,LostÿLDSÿ(3-1),804,715,2665080
HOU,2009,NL Central,162,74,88,0,0.457,0.418,5th of 6,17,,643,770,2521076
KCR,2009,AL Central,162,65,97,0,0.401,0.407,4th of 5,21.5,,686,842,1797891
LAA,2009,AL West,162,97,65,0,0.599,0.568,1st of 4,--,LostÿALCSÿ(4-2),883,761,3240386
LAD,2009,NL West,162,95,67,0,0.586,0.61,1st of 5,--,LostÿNLCSÿ(4-1),780,611,3761655
MIA,2009,NL East,162,87,75,0,0.537,0.504,2nd of 5,6,,772,766,1464109
MIL,2009,NL Central,162,80,82,0,0.494,0.481,3rd of 6,11,,785,818,3037451
MIN,2009,AL Central,163,87,76,0,0.534,0.53,1st of 5,--,LostÿLDSÿ(3-0),817,765,2416237
NYM,2009,NL East,162,70,92,0,0.432,0.445,4th of 5,23,,671,757,3168571
NYY,2009,AL East,162,103,59,0,0.636,0.588,1st of 5,--,WonÿWSÿ(4-2),915,753,3719358
OAK,2009,AL West,162,75,87,0,0.463,0.499,4th of 4,22,,759,761,1408783
PHI,2009,NL East,162,93,69,0,0.574,0.566,1st of 5,--,LostÿWSÿ(4-2),820,709,3600693
PIT,2009,NL Central,161,62,99,0,0.385,0.415,6th of 6,28.5,,636,768,1577853
SDP,2009,NL West,162,75,87,0,0.463,0.415,4th of 5,20,,638,769,1919603
SFG,2009,NL West,162,88,74,0,0.543,0.533,3rd of 5,7,,657,611,2862110
SEA,2009,AL West,162,85,77,0,0.525,0.464,3rd of 4,12,,640,692,2195533
STL,2009,NL Central,162,91,71,0,0.562,0.56,1st of 6,--,LostÿLDSÿ(3-0),730,640,3343252
TBR,2009,AL East,162,84,78,0,0.519,0.529,3rd of 5,19,,803,754,1874962
TEX,2009,AL West,162,87,75,0,0.537,0.526,2nd of 4,10,,784,740,2156016
TOR,2009,AL East,162,75,87,0,0.463,0.516,4th of 5,28,,798,771,1876129
WSN,2009,NL East,162,59,103,0,0.364,0.406,5th of 5,34,,710,874,1817226
ARI,2008,NL West,162,82,80,0,0.506,0.509,2nd of 5,2,,720,706,2509924
ATL,2008,NL East,162,72,90,0,0.444,0.485,4th of 5,20,,753,778,2532834
BAL,2008,AL East,161,68,93,0,0.422,0.452,5th of 5,28.5,,782,869,1950075
DET,2008,AL Central,162,74,88,0,0.457,0.48,5th of 5,14.5,,821,857,3202645
BOS,2008,AL East,162,95,67,0,0.586,0.589,2nd of 5,2,LostÿALCSÿ(4-3),845,694,3048250
CHC,2008,NL Central,161,97,64,0,0.602,0.609,1st of 6,--,LostÿLDSÿ(3-0),855,671,3300200
CHW,2008,AL Central,163,89,74,0,0.546,0.549,1st of 5,--,LostÿLDSÿ(3-1),811,729,2500648
CIN,2008,NL Central,162,74,88,0,0.457,0.442,5th of 6,23.5,,704,800,2058632
CLE,2008,AL Central,162,81,81,0,0.5,0.526,3rd of 5,7.5,,805,761,2169760
COL,2008,NL West,162,74,88,0,0.457,0.456,3rd of 5,10,,747,822,2650218
HOU,2008,NL Central,161,86,75,0,0.534,0.481,3rd of 6,11,,712,743,2779487
KCR,2008,AL Central,162,75,87,0,0.463,0.444,4th of 5,13.5,,691,781,1578922
LAA,2008,AL West,162,100,62,0,0.617,0.542,1st of 4,--,LostÿLDSÿ(3-1),765,697,3336747
LAD,2008,NL West,162,84,78,0,0.519,0.535,1st of 5,--,LostÿNLCSÿ(4-1),700,648,3730553
MIA,2008,NL East,161,84,77,0,0.522,0.502,3rd of 5,7.5,,770,767,1335076
MIL,2008,NL Central,162,90,72,0,0.556,0.539,2nd of 6,7.5,LostÿLDSÿ(3-1),750,689,3068458
MIN,2008,AL Central,163,88,75,0,0.54,0.549,2nd of 5,1,,829,745,2302431
NYM,2008,NL East,162,89,73,0,0.549,0.551,2nd of 5,3,,799,715,4042045
NYY,2008,AL East,162,89,73,0,0.549,0.537,3rd of 5,8,,789,727,4298655
OAK,2008,AL West,161,75,86,0,0.466,0.47,3rd of 4,24.5,,646,690,1665256
PHI,2008,NL East,162,92,70,0,0.568,0.573,1st of 5,--,WonÿWSÿ(4-1),799,680,3422583
PIT,2008,NL Central,162,67,95,0,0.414,0.416,6th of 6,30.5,,735,884,1609076
SDP,2008,NL West,162,63,99,0,0.389,0.418,5th of 5,21,,637,764,2427535
SFG,2008,NL West,162,72,90,0,0.444,0.423,4th of 5,12,,640,759,2863837
SEA,2008,AL West,162,61,101,0,0.377,0.414,4th of 4,39,,671,811,2329702
STL,2008,NL Central,162,86,76,0,0.531,0.533,4th of 6,11.5,,779,725,3432917
TBR,2008,AL East,162,97,65,0,0.599,0.565,1st of 5,--,LostÿWSÿ(4-1),774,671,1811986
TEX,2008,AL West,162,79,83,0,0.488,0.468,2nd of 4,21,,901,967,1945677
TOR,2008,AL East,162,86,76,0,0.531,0.572,4th of 5,11,,714,610,2399786
WSN,2008,NL East,161,59,102,0,0.366,0.387,5th of 5,32.5,,641,825,2320400
ARI,2007,NL West,162,90,72,0,0.556,0.487,1st of 5,--,LostÿNLCSÿ(4-0),712,732,2325249
ATL,2007,NL East,162,84,78,0,0.519,0.546,3rd of 5,5,,810,733,2745207
BAL,2007,AL East,162,69,93,0,0.426,0.437,4th of 5,27,,756,868,2164822
DET,2007,AL Central,162,88,74,0,0.543,0.549,2nd of 5,8,,887,797,3047133
BOS,2007,AL East,162,96,66,0,0.593,0.624,1st of 5,--,WonÿWSÿ(4-0),867,657,2970755
CHC,2007,NL Central,162,85,77,0,0.525,0.539,1st of 6,--,LostÿLDSÿ(3-0),752,690,3252462
CHW,2007,AL Central,162,72,90,0,0.444,0.413,4th of 5,24,,693,839,2684395
CIN,2007,NL Central,162,72,90,0,0.444,0.461,5th of 6,13,,783,853,2058593
CLE,2007,AL Central,162,96,66,0,0.593,0.564,1st of 5,--,LostÿALCSÿ(4-3),811,704,2275912
COL,2007,NL West,163,90,73,0,0.552,0.558,2nd of 5,0.5,LostÿWSÿ(4-0),860,758,2376250
HOU,2007,NL Central,162,73,89,0,0.451,0.447,4th of 6,12,,723,813,3020405
KCR,2007,AL Central,162,69,93,0,0.426,0.456,5th of 5,27,,706,778,1616867
LAA,2007,AL West,162,94,68,0,0.58,0.553,1st of 4,--,LostÿLDSÿ(3-0),822,731,3365632
LAD,2007,NL West,162,82,80,0,0.506,0.505,4th of 5,8,,735,727,3857036
MIA,2007,NL East,162,71,91,0,0.438,0.445,5th of 5,18,,790,891,1370511
MIL,2007,NL Central,162,83,79,0,0.512,0.515,2nd of 6,2,,801,776,2869144
MIN,2007,AL Central,162,79,83,0,0.488,0.496,3rd of 5,17,,718,725,2296383
NYM,2007,NL East,162,88,74,0,0.543,0.532,2nd of 5,1,,804,750,3853955
NYY,2007,AL East,162,94,68,0,0.58,0.599,2nd of 5,2,LostÿLDSÿ(3-1),968,777,4271083
OAK,2007,AL West,162,76,86,0,0.469,0.49,3rd of 4,18,,741,758,1921844
PHI,2007,NL East,162,89,73,0,0.549,0.538,1st of 5,--,LostÿLDSÿ(3-0),892,821,3108325
PIT,2007,NL Central,162,68,94,0,0.42,0.429,6th of 6,17,,724,846,1749142
SDP,2007,NL West,163,89,74,0,0.546,0.549,3rd of 5,1.5,,741,666,2790074
SFG,2007,NL West,162,71,91,0,0.438,0.476,5th of 5,19,,683,720,3223215
SEA,2007,AL West,162,88,74,0,0.543,0.489,2nd of 4,6,,794,813,2672223
STL,2007,NL Central,162,78,84,0,0.481,0.439,3rd of 6,7,,725,829,3552180
TBR,2007,AL East,162,66,96,0,0.407,0.415,5th of 5,30,,782,944,1387603
TEX,2007,AL West,162,75,87,0,0.463,0.485,4th of 4,19,,816,844,2353862
TOR,2007,AL East,162,83,79,0,0.512,0.534,3rd of 5,13,,753,699,2360644
WSN,2007,NL East,162,73,89,0,0.451,0.431,4th of 5,16,,673,783,1943812
ARI,2006,NL West,162,76,86,0,0.469,0.491,4th of 5,12,,773,788,2091685
ATL,2006,NL East,162,79,83,0,0.488,0.524,3rd of 5,18,,849,805,2550524
BAL,2006,AL East,162,70,92,0,0.432,0.428,4th of 5,27,,768,899,2153139
DET,2006,AL Central,162,95,67,0,0.586,0.589,2nd of 5,1,LostÿWSÿ(4-1),822,675,2595937
BOS,2006,AL East,162,86,76,0,0.531,0.497,3rd of 5,11,,820,825,2930588
CHC,2006,NL Central,162,66,96,0,0.407,0.431,6th of 6,17.5,,716,834,3123215
CHW,2006,AL Central,162,90,72,0,0.556,0.541,3rd of 5,6,,868,794,2957414
CIN,2006,NL Central,162,80,82,0,0.494,0.469,3rd of 6,3.5,,749,801,2134607
CLE,2006,AL Central,162,78,84,0,0.481,0.549,4th of 5,18,,870,782,1997995
COL,2006,NL West,162,76,86,0,0.469,0.501,4th of 5,12,,813,812,2104362
HOU,2006,NL Central,162,82,80,0,0.506,0.51,2nd of 6,1.5,,735,719,3022763
KCR,2006,AL Central,162,62,100,0,0.383,0.388,5th of 5,34,,757,971,1372638
LAA,2006,AL West,162,89,73,0,0.549,0.521,2nd of 4,4,,766,732,3406790
LAD,2006,NL West,162,88,74,0,0.543,0.54,2nd of 5,--,LostÿLDSÿ(3-0),820,751,3758545
MIA,2006,NL East,162,78,84,0,0.481,0.492,4th of 5,19,,758,772,1164134
MIL,2006,NL Central,162,75,87,0,0.463,0.44,4th of 6,8.5,,730,833,2335643
MIN,2006,AL Central,162,96,66,0,0.593,0.572,1st of 5,--,LostÿLDSÿ(3-0),801,683,2285018
NYM,2006,NL East,162,97,65,0,0.599,0.56,1st of 5,--,LostÿNLCSÿ(4-3),834,731,3379535
NYY,2006,AL East,162,97,65,0,0.599,0.587,1st of 5,--,LostÿLDSÿ(3-1),930,767,4248067
OAK,2006,AL West,162,93,69,0,0.574,0.527,1st of 4,--,LostÿALCSÿ(4-0),771,727,1976625
PHI,2006,NL East,162,85,77,0,0.525,0.529,2nd of 5,12,,865,812,2701815
PIT,2006,NL Central,162,67,95,0,0.414,0.435,5th of 6,16.5,,691,797,1861549
SDP,2006,NL West,162,88,74,0,0.543,0.534,1st of 5,--,LostÿLDSÿ(3-1),731,679,2659757
SFG,2006,NL West,161,76,85,0,0.472,0.474,3rd of 5,11.5,,746,790,3130313
SEA,2006,AL West,162,78,84,0,0.481,0.479,4th of 4,15,,756,792,2481165
STL,2006,NL Central,161,83,78,0,0.516,0.511,1st of 6,--,WonÿWSÿ(4-1),781,762,3407104
TBR,2006,AL East,162,61,101,0,0.377,0.402,5th of 5,36,,689,856,1368950
TEX,2006,AL West,162,80,82,0,0.494,0.529,3rd of 4,13,,835,784,2388757
TOR,2006,AL East,162,87,75,0,0.537,0.532,2nd of 5,10,,809,754,2302212
WSN,2006,NL East,162,71,91,0,0.438,0.429,5th of 5,26,,746,872,2153056
ARI,2005,NL West,162,77,85,0,0.475,0.406,2nd of 5,5,,696,856,2059424
ATL,2005,NL East,162,90,72,0,0.556,0.56,1st of 5,--,LostÿLDSÿ(3-1),769,674,2521167
BAL,2005,AL East,162,74,88,0,0.457,0.458,4th of 5,21,,729,800,2624740
DET,2005,AL Central,162,71,91,0,0.438,0.461,4th of 5,28,,723,787,2024431
BOS,2005,AL East,162,95,67,0,0.586,0.556,2nd of 5,--,LostÿLDSÿ(3-0),910,805,2847888
CHC,2005,NL Central,162,79,83,0,0.488,0.493,4th of 6,21,,703,714,3099992
CHW,2005,AL Central,162,99,63,0,0.611,0.563,1st of 5,--,WonÿWSÿ(4-0),741,645,2342833
CIN,2005,NL Central,163,73,89,1,0.451,0.463,5th of 6,27,,820,889,1943067
CLE,2005,AL Central,162,93,69,0,0.574,0.594,2nd of 5,6,,790,642,2013763
COL,2005,NL West,162,67,95,0,0.414,0.431,5th of 5,15,,740,862,1914389
HOU,2005,NL Central,163,89,73,1,0.549,0.559,2nd of 6,11,LostÿWSÿ(4-0),693,609,2804760
KCR,2005,AL Central,162,56,106,0,0.346,0.371,5th of 5,43,,701,935,1371181
LAA,2005,AL West,162,95,67,0,0.586,0.576,1st of 4,--,LostÿALCSÿ(4-1),761,643,3404686
LAD,2005,NL West,162,71,91,0,0.438,0.456,4th of 5,11,,685,755,3603646
MIA,2005,NL East,162,83,79,0,0.512,0.491,3rd of 5,7,,717,732,1852608
MIL,2005,NL Central,162,81,81,0,0.5,0.519,3rd of 6,19,,726,697,2211023
MIN,2005,AL Central,162,83,79,0,0.512,0.518,3rd of 5,16,,688,662,2034243
NYM,2005,NL East,162,83,79,0,0.512,0.549,3rd of 5,7,,722,648,2829929
NYY,2005,AL East,162,95,67,0,0.586,0.553,1st of 5,--,LostÿLDSÿ(3-2),886,789,4090696
OAK,2005,AL West,162,88,74,0,0.543,0.573,2nd of 4,7,,772,658,2109118
PHI,2005,NL East,162,88,74,0,0.543,0.548,2nd of 5,2,,807,726,2665304
PIT,2005,NL Central,162,67,95,0,0.414,0.444,6th of 6,33,,680,769,1817245
SDP,2005,NL West,162,82,80,0,0.506,0.473,1st of 5,--,LostÿLDSÿ(3-0),684,726,2869787
SFG,2005,NL West,162,75,87,0,0.463,0.437,3rd of 5,7,,649,745,3181023
SEA,2005,AL West,162,69,93,0,0.426,0.467,4th of 4,26,,699,751,2725459
STL,2005,NL Central,162,100,62,0,0.617,0.608,1st of 6,--,LostÿNLCSÿ(4-2),805,634,3538988
TBR,2005,AL East,162,67,95,0,0.414,0.4,5th of 5,28,,750,936,1141669
TEX,2005,AL West,162,79,83,0,0.488,0.504,3rd of 4,16,,865,858,2525221
TOR,2005,AL East,162,80,82,0,0.494,0.543,3rd of 5,15,,775,705,2014995
WSN,2005,NL East,162,81,81,0,0.5,0.476,5th of 5,9,,639,673,2731993
ARI,2004,NL West,162,51,111,0,0.315,0.333,5th of 5,42,,615,899,2519560
ATL,2004,NL East,162,96,66,0,0.593,0.583,1st of 5,--,LostÿLDSÿ(3-2),803,668,2327565
BAL,2004,AL East,162,78,84,0,0.481,0.507,3rd of 5,23,,842,830,2744018
DET,2004,AL Central,162,72,90,0,0.444,0.491,4th of 5,20,,827,844,1917004
BOS,2004,AL East,162,98,64,0,0.605,0.596,2nd of 5,3,WonÿWSÿ(4-0),949,768,2837294
CHC,2004,NL Central,162,89,73,0,0.549,0.578,3rd of 6,16,,789,665,3170154
CHW,2004,AL Central,162,83,79,0,0.512,0.518,2nd of 5,9,,865,831,1930537
CIN,2004,NL Central,162,76,86,0,0.469,0.414,4th of 6,29,,750,907,2287250
CLE,2004,AL Central,162,80,82,0,0.494,0.501,3rd of 5,12,,858,857,1814401
COL,2004,NL West,162,68,94,0,0.42,0.453,4th of 5,25,,833,923,2338069
HOU,2004,NL Central,162,92,70,0,0.568,0.564,2nd of 6,13,LostÿNLCSÿ(4-3),803,698,3087872
KCR,2004,AL Central,162,58,104,0,0.358,0.397,5th of 5,34,,720,905,1661478
LAA,2004,AL West,162,92,70,0,0.568,0.559,1st of 4,--,LostÿLDSÿ(3-0),836,734,3375677
LAD,2004,NL West,162,93,69,0,0.574,0.549,1st of 5,--,LostÿLDSÿ(3-1),761,684,3488283
MIA,2004,NL East,162,83,79,0,0.512,0.512,3rd of 5,13,,718,700,1723105
MIL,2004,NL Central,161,67,94,0,0.416,0.42,6th of 6,37.5,,634,757,2062382
MIN,2004,AL Central,162,92,70,0,0.568,0.54,1st of 5,--,LostÿLDSÿ(3-1),780,715,1911490
NYM,2004,NL East,162,71,91,0,0.438,0.47,4th of 5,25,,684,731,2318951
NYY,2004,AL East,162,101,61,0,0.623,0.548,1st of 5,--,LostÿALCSÿ(4-3),897,808,3775292
OAK,2004,AL West,162,91,71,0,0.562,0.53,2nd of 4,1,,793,742,2201516
PHI,2004,NL East,162,86,76,0,0.531,0.533,2nd of 5,10,,840,781,3250092
PIT,2004,NL Central,161,72,89,0,0.447,0.459,5th of 6,32.5,,680,744,1580031
SDP,2004,NL West,162,87,75,0,0.537,0.539,3rd of 5,6,,768,705,3016752
SFG,2004,NL West,162,91,71,0,0.562,0.545,2nd of 5,2,,850,770,3256854
SEA,2004,AL West,162,63,99,0,0.389,0.425,4th of 4,29,,698,823,2940731
STL,2004,NL Central,162,105,57,0,0.648,0.617,1st of 6,--,LostÿWSÿ(4-0),855,659,3048427
TBR,2004,AL East,161,70,91,0,0.435,0.425,4th of 5,30.5,,714,842,1274911
TEX,2004,AL West,162,89,73,0,0.549,0.536,3rd of 4,3,,860,794,2513685
TOR,2004,AL East,161,67,94,0,0.416,0.439,5th of 5,33.5,,719,823,1900041
WSN,2004,NL East,162,67,95,0,0.414,0.413,5th of 5,29,,635,769,749550
ARI,2003,NL West,162,84,78,0,0.519,0.521,3rd of 5,16.5,,717,685,2805542
ATL,2003,NL East,162,101,61,0,0.623,0.592,1st of 5,--,LostÿLDSÿ(3-2),907,740,2401084
BAL,2003,AL East,163,71,91,1,0.438,0.455,4th of 5,30,,743,820,2454523
DET,2003,AL Central,162,43,119,0,0.265,0.305,5th of 5,47,,591,928,1368245
BOS,2003,AL East,162,95,67,0,0.586,0.578,2nd of 5,6,LostÿALCSÿ(4-3),961,809,2724165
CHC,2003,NL Central,162,88,74,0,0.543,0.527,1st of 6,--,LostÿNLCSÿ(4-3),724,683,2962630
CHW,2003,AL Central,162,86,76,0,0.531,0.546,2nd of 5,4,,791,715,1939524
CIN,2003,NL Central,162,69,93,0,0.426,0.39,5th of 6,19,,694,886,2355259
CLE,2003,AL Central,162,68,94,0,0.42,0.451,4th of 5,22,,699,778,1730002
COL,2003,NL West,162,74,88,0,0.457,0.48,4th of 5,26.5,,853,892,2334085
HOU,2003,NL Central,162,87,75,0,0.537,0.579,2nd of 6,1,,805,677,2454241
KCR,2003,AL Central,162,83,79,0,0.512,0.483,3rd of 5,7,,836,867,1779895
LAA,2003,AL West,162,77,85,0,0.475,0.496,3rd of 4,19,,736,743,3061094
LAD,2003,NL West,162,85,77,0,0.525,0.515,2nd of 5,15.5,,574,556,3138626
MIA,2003,NL East,162,91,71,0,0.562,0.537,2nd of 5,10,WonÿWSÿ(4-2),751,692,1303215
MIL,2003,NL Central,162,68,94,0,0.42,0.409,6th of 6,20,,714,873,1700354
MIN,2003,AL Central,162,90,72,0,0.556,0.525,1st of 5,--,LostÿLDSÿ(3-1),801,758,1946011
NYM,2003,NL East,161,66,95,0,0.41,0.427,5th of 5,34.5,,642,754,2140599
NYY,2003,AL East,163,101,61,1,0.623,0.592,1st of 5,--,LostÿWSÿ(4-2),877,716,3465600
OAK,2003,AL West,162,96,66,0,0.593,0.581,1st of 4,--,LostÿLDSÿ(3-2),768,643,2216596
PHI,2003,NL East,162,86,76,0,0.531,0.558,3rd of 5,15,,791,697,2259948
PIT,2003,NL Central,162,75,87,0,0.463,0.472,4th of 6,13,,753,801,1636751
SDP,2003,NL West,162,64,98,0,0.395,0.408,5th of 5,36.5,,678,831,2030084
SFG,2003,NL West,161,100,61,0,0.621,0.576,1st of 5,--,LostÿLDSÿ(3-1),755,638,3264898
SEA,2003,AL West,162,93,69,0,0.574,0.6,2nd of 4,3,,795,637,3268509
STL,2003,NL Central,162,85,77,0,0.525,0.544,3rd of 6,3,,876,796,2910386
TBR,2003,AL East,162,63,99,0,0.389,0.42,5th of 5,38,,715,852,1058695
TEX,2003,AL West,162,71,91,0,0.438,0.427,4th of 4,25,,826,969,2094394
TOR,2003,AL East,162,86,76,0,0.531,0.536,3rd of 5,15,,894,826,1799458
WSN,2003,NL East,162,83,79,0,0.512,0.497,4th of 5,18,,711,716,1025639
ARI,2002,NL West,162,98,64,0,0.605,0.588,1st of 5,--,LostÿLDSÿ(3-0),819,674,3198977
ATL,2002,NL East,161,101,59,1,0.631,0.602,1st of 5,--,LostÿLDSÿ(3-2),708,565,2603484
BAL,2002,AL East,162,67,95,0,0.414,0.433,4th of 5,36.5,,667,773,2682439
DET,2002,AL Central,161,55,106,0,0.342,0.322,5th of 5,39,,575,864,1503623
BOS,2002,AL East,162,93,69,0,0.574,0.615,2nd of 5,10.5,,859,665,2650862
CHC,2002,NL Central,162,67,95,0,0.414,0.467,5th of 6,30,,706,759,2693096
CHW,2002,AL Central,162,81,81,0,0.5,0.532,2nd of 5,13.5,,856,798,1676911
CIN,2002,NL Central,162,78,84,0,0.481,0.46,3rd of 6,19,,709,774,1855787
CLE,2002,AL Central,162,74,88,0,0.457,0.443,3rd of 5,20.5,,739,837,2616940
COL,2002,NL West,162,73,89,0,0.451,0.435,4th of 5,25,,778,898,2737838
HOU,2002,NL Central,162,84,78,0,0.519,0.534,2nd of 6,13,,749,695,2517357
KCR,2002,AL Central,162,62,100,0,0.383,0.414,4th of 5,32.5,,737,891,1323036
LAA,2002,AL West,162,99,63,0,0.611,0.625,2nd of 4,4,WonÿWSÿ(4-3),851,644,2305547
LAD,2002,NL West,162,92,70,0,0.568,0.547,3rd of 5,6,,713,643,3131255
MIA,2002,NL East,162,79,83,0,0.488,0.46,4th of 5,23,,699,763,813118
MIL,2002,NL Central,162,56,106,0,0.346,0.379,6th of 6,41,,627,821,1969153
MIN,2002,AL Central,161,94,67,0,0.584,0.535,1st of 5,--,LostÿALCSÿ(4-1),768,712,1924473
NYM,2002,NL East,161,75,86,0,0.466,0.491,5th of 5,26.5,,690,703,2804838
NYY,2002,AL East,161,103,58,0,0.64,0.613,1st of 5,--,LostÿLDSÿ(3-1),897,697,3465807
OAK,2002,AL West,162,103,59,0,0.636,0.591,1st of 4,--,LostÿLDSÿ(3-2),800,654,2169811
PHI,2002,NL East,161,80,81,0,0.497,0.491,3rd of 5,21.5,,710,724,1618467
PIT,2002,NL Central,161,72,89,0,0.447,0.441,4th of 6,24.5,,641,730,1784988
SDP,2002,NL West,162,66,96,0,0.407,0.406,5th of 5,32,,662,815,2220601
SFG,2002,NL West,162,95,66,1,0.59,0.608,2nd of 5,2.5,LostÿWSÿ(4-3),783,616,3253203
SEA,2002,AL West,162,93,69,0,0.574,0.569,3rd of 4,10,,814,699,3542938
STL,2002,NL Central,162,97,65,0,0.599,0.588,1st of 6,--,LostÿNLCSÿ(4-1),787,648,3011756
TBR,2002,AL East,161,55,106,0,0.342,0.362,5th of 5,48,,673,918,1065742
TEX,2002,AL West,162,72,90,0,0.444,0.479,4th of 4,31,,843,882,2352397
TOR,2002,AL East,162,78,84,0,0.481,0.492,3rd of 5,25.5,,813,828,1637900
WSN,2002,NL East,162,83,79,0,0.512,0.511,2nd of 5,19,,735,718,812045
ARI,2001,NL West,162,92,70,0,0.568,0.586,1st of 5,--,WonÿWSÿ(4-3),818,677,2736451
ATL,2001,NL East,162,88,74,0,0.543,0.557,1st of 5,--,LostÿNLCSÿ(4-1),729,643,2823530
BAL,2001,AL East,162,63,98,1,0.391,0.415,4th of 5,32.5,,687,829,3094841
DET,2001,AL Central,162,66,96,0,0.407,0.414,4th of 5,25,,724,876,1921305
BOS,2001,AL East,161,82,79,0,0.509,0.516,2nd of 5,13.5,,772,745,2625333
CHC,2001,NL Central,162,88,74,0,0.543,0.547,3rd of 6,5,,777,701,2779465
CHW,2001,AL Central,162,83,79,0,0.512,0.502,3rd of 5,8,,798,795,1766172
CIN,2001,NL Central,162,66,96,0,0.407,0.434,5th of 6,27,,735,850,1879757
CLE,2001,AL Central,162,91,71,0,0.562,0.54,1st of 5,--,LostÿLDSÿ(3-2),897,821,3175523
COL,2001,NL West,162,73,89,0,0.451,0.509,5th of 5,19,,923,906,3166821
HOU,2001,NL Central,162,93,69,0,0.574,0.544,1st of 6,--,LostÿLDSÿ(3-0),847,769,2904277
KCR,2001,AL Central,162,65,97,0,0.401,0.426,5th of 5,26,,729,858,1536371
LAA,2001,AL West,162,75,87,0,0.463,0.475,3rd of 4,41,,691,730,2000919
LAD,2001,NL West,162,86,76,0,0.531,0.509,3rd of 5,6,,758,744,3017143
MIA,2001,NL East,162,76,86,0,0.469,0.499,4th of 5,12,,742,744,1261226
MIL,2001,NL Central,162,68,94,0,0.42,0.461,4th of 6,25,,740,806,2811041
MIN,2001,AL Central,162,85,77,0,0.525,0.503,2nd of 5,6,,771,766,1782929
NYM,2001,NL East,162,82,80,0,0.506,0.452,3rd of 5,6,,642,713,2658330
NYY,2001,AL East,161,95,65,1,0.594,0.555,1st of 5,--,LostÿWSÿ(4-3),804,713,3264907
OAK,2001,AL West,162,102,60,0,0.63,0.64,2nd of 4,14,LostÿLDSÿ(3-2),884,645,2133277
PHI,2001,NL East,162,86,76,0,0.531,0.517,2nd of 5,2,,746,719,1782054
PIT,2001,NL Central,162,62,100,0,0.383,0.38,6th of 6,31,,657,858,2464870
SDP,2001,NL West,162,79,83,0,0.488,0.487,4th of 5,13,,789,812,2378128
SFG,2001,NL West,162,90,72,0,0.556,0.53,2nd of 5,2,,799,748,3311958
SEA,2001,AL West,162,116,46,0,0.716,0.672,1st of 4,--,LostÿALCSÿ(4-1),927,627,3507326
STL,2001,NL Central,162,93,69,0,0.574,0.579,2nd of 6,--,LostÿLDSÿ(3-2),814,684,3109578
TBR,2001,AL East,162,62,100,0,0.383,0.376,5th of 5,34,,672,887,1298365
TEX,2001,AL West,162,73,89,0,0.451,0.462,4th of 4,43,,890,968,2831021
TOR,2001,AL East,162,80,82,0,0.494,0.508,3rd of 5,16,,767,753,1915438
WSN,2001,NL East,162,68,94,0,0.42,0.413,5th of 5,20,,670,812,642745
ARI,2000,NL West,162,85,77,0,0.525,0.522,3rd of 5,12,,792,754,2942251
ATL,2000,NL East,162,95,67,0,0.586,0.557,1st of 5,--,LostÿLDSÿ(3-0),810,714,3234304
BAL,2000,AL East,162,74,88,0,0.457,0.436,4th of 5,13.5,,794,913,3297031
DET,2000,AL Central,162,79,83,0,0.488,0.498,3rd of 5,16,,823,827,2438617
BOS,2000,AL East,162,85,77,0,0.525,0.528,2nd of 5,2.5,,792,745,2585895
CHC,2000,NL Central,162,65,97,0,0.401,0.424,6th of 6,30,,764,904,2789511
CHW,2000,AL Central,162,95,67,0,0.586,0.57,1st of 5,--,LostÿLDSÿ(3-0),978,839,1947799
CIN,2000,NL Central,163,85,77,1,0.525,0.534,2nd of 6,10,,825,765,2577371
CLE,2000,AL Central,162,90,72,0,0.556,0.569,2nd of 5,5,,950,816,3456278
COL,2000,NL West,162,82,80,0,0.506,0.535,4th of 5,15,,968,897,3295129
HOU,2000,NL Central,162,72,90,0,0.444,0.497,4th of 6,23,,938,944,3056139
KCR,2000,AL Central,162,77,85,0,0.475,0.474,4th of 5,18,,879,930,1564847
LAA,2000,AL West,162,82,80,0,0.506,0.497,3rd of 4,9.5,,864,869,2066982
LAD,2000,NL West,162,86,76,0,0.531,0.541,2nd of 5,11,,798,729,2880242
MIA,2000,NL East,161,79,82,0,0.491,0.461,3rd of 5,15.5,,731,797,1218326
MIL,2000,NL Central,163,73,89,1,0.451,0.45,3rd of 6,22,,740,826,1573621
MIN,2000,AL Central,162,69,93,0,0.426,0.426,5th of 5,26,,748,880,1000760
NYM,2000,NL East,162,94,68,0,0.58,0.541,2nd of 5,1,LostÿWSÿ(4-1),807,738,2820530
NYY,2000,AL East,161,87,74,0,0.54,0.531,1st of 5,--,WonÿWSÿ(4-1),871,814,3055435
OAK,2000,AL West,161,91,70,0,0.565,0.569,1st of 4,--,LostÿLDSÿ(3-2),947,813,1603744
PHI,2000,NL East,162,65,97,0,0.401,0.428,5th of 5,30,,708,830,1612769
PIT,2000,NL Central,162,69,93,0,0.426,0.448,5th of 6,26,,793,888,1748908
SDP,2000,NL West,162,76,86,0,0.469,0.463,5th of 5,21,,752,815,2352443
SFG,2000,NL West,162,97,65,0,0.599,0.597,1st of 5,--,LostÿLDSÿ(3-1),925,747,3318800
SEA,2000,AL West,162,91,71,0,0.562,0.569,2nd of 4,0.5,LostÿALCSÿ(4-2),907,780,2914624
STL,2000,NL Central,162,95,67,0,0.586,0.564,1st of 6,--,LostÿNLCSÿ(4-1),887,771,3336493
TBR,2000,AL East,161,69,92,0,0.429,0.437,5th of 5,18,,733,842,1449673
TEX,2000,AL West,162,71,91,0,0.438,0.437,4th of 4,20.5,,848,974,2588401
TOR,2000,AL East,162,83,79,0,0.512,0.476,3rd of 5,4.5,,861,908,1705712
WSN,2000,NL East,162,67,95,0,0.414,0.409,4th of 5,28,,738,902,926272
